{
 "chain_iptm": [
  0.89,
  0.4,
  0.66,
  0.65,
  0.58,
  0.6
 ],
 "chain_pair_iptm": [
  [
   0.93,
   0.74,
   0.96,
   0.96,
   0.91,
   0.9
  ],
  [
   0.74,
   0.18,
   0.35,
   0.34,
   0.26,
   0.29
  ],
  [
   0.96,
   0.35,
   null,
   null,
   null,
   null
  ],
  [
   0.96,
   0.34,
   null,
   null,
   null,
   null
  ],
  [
   0.91,
   0.26,
   null,
   null,
   null,
   null
  ],
  [
   0.9,
   0.29,
   null,
   null,
   null,
   null
  ]
 ],
 "chain_pair_pae_min": [
  [
   0.76,
   2.26,
   1.24,
   1.2,
   2.21,
   2.3
  ],
  [
   2.57,
   0.8,
   2.75,
   2.67,
   4.27,
   3.8
  ],
  [
   null,
   null,
   null,
   null,
   null,
   null
  ],
  [
   null,
   null,
   null,
   null,
   null,
   null
  ],
  [
   null,
   null,
   null,
   null,
   null,
   null
  ],
  [
   null,
   null,
   null,
   null,
   null,
   null
  ]
 ],
 "chain_ptm": [
  0.93,
  0.18,
  null,
  null,
  null,
  null
 ],
 "fraction_disordered": 0.0,
 "has_clash": 0.0,
 "iptm": 0.76,
 "ptm": 0.92,
 "ranking_score": 0.79
}